Forecast Type,Products,% of Total for Products
Pune,1071,17.5257732
Rajasthan,762,12.4693176
Banglore,620,10.145639
Hydrabad,559,9.14743904
Mumbai,551,9.01652757
Utter Pradesh,540,8.8365243
Panjab,465,7.60922926
Gujrat,443,7.24922271
Hariyana,394,6.44738995
Delhi,327,5.35100638
Karale,190,3.10914744
Manipur,189,3.09278351